DATE_RANK,AMOUNT,CUST_NO
1.0,533.48,0xF23B5CB3AF1D0F9913A45F28D02583159243C3CFC05CF817D85B44EB4D3B7E58
2.0,529.56,0xF23B5CB3AF1D0F9913A45F28D02583159243C3CFC05CF817D85B44EB4D3B7E58
3.0,516.7,0xF23B5CB3AF1D0F9913A45F28D02583159243C3CFC05CF817D85B44EB4D3B7E58
4.0,2176.7,0xF23B5CB3AF1D0F9913A45F28D02583159243C3CFC05CF817D85B44EB4D3B7E58
5.0,4656.79,0xF23B5CB3AF1D0F9913A45F28D02583159243C3CFC05CF817D85B44EB4D3B7E58
6.0,1123.38,0xF23B5CB3AF1D0F9913A45F28D02583159243C3CFC05CF817D85B44EB4D3B7E58
7.0,961.8199999999999,0xF23B5CB3AF1D0F9913A45F28D02583159243C3CFC05CF817D85B44EB4D3B7E58
8.0,970.98,0xF23B5CB3AF1D0F9913A45F28D02583159243C3CFC05CF817D85B44EB4D3B7E58
9.0,636.1,0xF23B5CB3AF1D0F9913A45F28D02583159243C3CFC05CF817D85B44EB4D3B7E58
10.0,1070.2600000000002,0xF23B5CB3AF1D0F9913A45F28D02583159243C3CFC05CF817D85B44EB4D3B7E58
11.0,1031.8100000000002,0xF23B5CB3AF1D0F9913A45F28D02583159243C3CFC05CF817D85B44EB4D3B7E58
12.0,1170.5,0xF23B5CB3AF1D0F9913A45F28D02583159243C3CFC05CF817D85B44EB4D3B7E58
13.0,1095.44,0xF23B5CB3AF1D0F9913A45F28D02583159243C3CFC05CF817D85B44EB4D3B7E58
14.0,1191.72,0xF23B5CB3AF1D0F9913A45F28D02583159243C3CFC05CF817D85B44EB4D3B7E58
15.0,1297.3200000000002,0xF23B5CB3AF1D0F9913A45F28D02583159243C3CFC05CF817D85B44EB4D3B7E58
16.0,1158.2200000000003,0xF23B5CB3AF1D0F9913A45F28D02583159243C3CFC05CF817D85B44EB4D3B7E58
17.0,877.1,0xF23B5CB3AF1D0F9913A45F28D02583159243C3CFC05CF817D85B44EB4D3B7E58
18.0,1421.0800000000004,0xF23B5CB3AF1D0F9913A45F28D02583159243C3CFC05CF817D85B44EB4D3B7E58
19.0,1566.81,0xF23B5CB3AF1D0F9913A45F28D02583159243C3CFC05CF817D85B44EB4D3B7E58
20.0,1340.1600000000003,0xF23B5CB3AF1D0F9913A45F28D02583159243C3CFC05CF817D85B44EB4D3B7E58
21.0,1166.12,0xF23B5CB3AF1D0F9913A45F28D02583159243C3CFC05CF817D85B44EB4D3B7E58
24.0,112.2,0xF23B5CB3AF1D0F9913A45F28D02583159243C3CFC05CF817D85B44EB4D3B7E58
25.0,223.2,0xF23B5CB3AF1D0F9913A45F28D02583159243C3CFC05CF817D85B44EB4D3B7E58
26.0,512.8,0xF23B5CB3AF1D0F9913A45F28D02583159243C3CFC05CF817D85B44EB4D3B7E58
27.0,403.96,0xF23B5CB3AF1D0F9913A45F28D02583159243C3CFC05CF817D85B44EB4D3B7E58
28.0,514.58,0xF23B5CB3AF1D0F9913A45F28D02583159243C3CFC05CF817D85B44EB4D3B7E58
29.0,455.28999999999996,0xF23B5CB3AF1D0F9913A45F28D02583159243C3CFC05CF817D85B44EB4D3B7E58
30.0,455.28999999999996,0xF23B5CB3AF1D0F9913A45F28D02583159243C3CFC05CF817D85B44EB4D3B7E58
31.0,318.84000000000003,0xF23B5CB3AF1D0F9913A45F28D02583159243C3CFC05CF817D85B44EB4D3B7E58
32.0,318.84,0xF23B5CB3AF1D0F9913A45F28D02583159243C3CFC05CF817D85B44EB4D3B7E58
33.0,593.79,0xF23B5CB3AF1D0F9913A45F28D02583159243C3CFC05CF817D85B44EB4D3B7E58
34.0,452.88,0xF23B5CB3AF1D0F9913A45F28D02583159243C3CFC05CF817D85B44EB4D3B7E58
35.0,1813.44,0xF23B5CB3AF1D0F9913A45F28D02583159243C3CFC05CF817D85B44EB4D3B7E58
36.0,1827.84,0xF23B5CB3AF1D0F9913A45F28D02583159243C3CFC05CF817D85B44EB4D3B7E58
38.0,1826.88,0xF23B5CB3AF1D0F9913A45F28D02583159243C3CFC05CF817D85B44EB4D3B7E58
39.0,1833.6,0xF23B5CB3AF1D0F9913A45F28D02583159243C3CFC05CF817D85B44EB4D3B7E58
40.0,1833.6,0xF23B5CB3AF1D0F9913A45F28D02583159243C3CFC05CF817D85B44EB4D3B7E58
43.0,2290.8,0xF23B5CB3AF1D0F9913A45F28D02583159243C3CFC05CF817D85B44EB4D3B7E58
44.0,1837.44,0xF23B5CB3AF1D0F9913A45F28D02583159243C3CFC05CF817D85B44EB4D3B7E58
45.0,1838.4,0xF23B5CB3AF1D0F9913A45F28D02583159243C3CFC05CF817D85B44EB4D3B7E58
46.0,921.6,0xF23B5CB3AF1D0F9913A45F28D02583159243C3CFC05CF817D85B44EB4D3B7E58
47.0,231.36,0xF23B5CB3AF1D0F9913A45F28D02583159243C3CFC05CF817D85B44EB4D3B7E58
48.0,231.36,0xF23B5CB3AF1D0F9913A45F28D02583159243C3CFC05CF817D85B44EB4D3B7E58
49.0,933.6,0xF23B5CB3AF1D0F9913A45F28D02583159243C3CFC05CF817D85B44EB4D3B7E58
50.0,935.52,0xF23B5CB3AF1D0F9913A45F28D02583159243C3CFC05CF817D85B44EB4D3B7E58
51.0,1867.2,0xF23B5CB3AF1D0F9913A45F28D02583159243C3CFC05CF817D85B44EB4D3B7E58
52.0,1857.6,0xF23B5CB3AF1D0F9913A45F28D02583159243C3CFC05CF817D85B44EB4D3B7E58
53.0,1861.44,0xF23B5CB3AF1D0F9913A45F28D02583159243C3CFC05CF817D85B44EB4D3B7E58
54.0,231.36,0xF23B5CB3AF1D0F9913A45F28D02583159243C3CFC05CF817D85B44EB4D3B7E58
55.0,1850.88,0xF23B5CB3AF1D0F9913A45F28D02583159243C3CFC05CF817D85B44EB4D3B7E58
56.0,1871.04,0xF23B5CB3AF1D0F9913A45F28D02583159243C3CFC05CF817D85B44EB4D3B7E58
57.0,466.8,0xF23B5CB3AF1D0F9913A45F28D02583159243C3CFC05CF817D85B44EB4D3B7E58
58.0,2043.2,0xF23B5CB3AF1D0F9913A45F28D02583159243C3CFC05CF817D85B44EB4D3B7E58
59.0,2071.94,0xF23B5CB3AF1D0F9913A45F28D02583159243C3CFC05CF817D85B44EB4D3B7E58
60.0,2074.7,0xF23B5CB3AF1D0F9913A45F28D02583159243C3CFC05CF817D85B44EB4D3B7E58
61.0,2066.2,0xF23B5CB3AF1D0F9913A45F28D02583159243C3CFC05CF817D85B44EB4D3B7E58
62.0,2314.04,0xF23B5CB3AF1D0F9913A45F28D02583159243C3CFC05CF817D85B44EB4D3B7E58
63.0,2274.84,0xF23B5CB3AF1D0F9913A45F28D02583159243C3CFC05CF817D85B44EB4D3B7E58
64.0,2264.24,0xF23B5CB3AF1D0F9913A45F28D02583159243C3CFC05CF817D85B44EB4D3B7E58
65.0,2296.08,0xF23B5CB3AF1D0F9913A45F28D02583159243C3CFC05CF817D85B44EB4D3B7E58
66.0,2505.2,0xF23B5CB3AF1D0F9913A45F28D02583159243C3CFC05CF817D85B44EB4D3B7E58
67.0,2498.12,0xF23B5CB3AF1D0F9913A45F28D02583159243C3CFC05CF817D85B44EB4D3B7E58
68.0,2507.44,0xF23B5CB3AF1D0F9913A45F28D02583159243C3CFC05CF817D85B44EB4D3B7E58
69.0,3181.2,0xF23B5CB3AF1D0F9913A45F28D02583159243C3CFC05CF817D85B44EB4D3B7E58
70.0,2485.7400000000002,0xF23B5CB3AF1D0F9913A45F28D02583159243C3CFC05CF817D85B44EB4D3B7E58
71.0,2884.36,0xF23B5CB3AF1D0F9913A45F28D02583159243C3CFC05CF817D85B44EB4D3B7E58
72.0,2327.94,0xF23B5CB3AF1D0F9913A45F28D02583159243C3CFC05CF817D85B44EB4D3B7E58
73.0,2746.54,0xF23B5CB3AF1D0F9913A45F28D02583159243C3CFC05CF817D85B44EB4D3B7E58
74.0,2327.44,0xF23B5CB3AF1D0F9913A45F28D02583159243C3CFC05CF817D85B44EB4D3B7E58
75.0,2717.98,0xF23B5CB3AF1D0F9913A45F28D02583159243C3CFC05CF817D85B44EB4D3B7E58
76.0,2515.9,0xF23B5CB3AF1D0F9913A45F28D02583159243C3CFC05CF817D85B44EB4D3B7E58
77.0,3153.08,0xF23B5CB3AF1D0F9913A45F28D02583159243C3CFC05CF817D85B44EB4D3B7E58
78.0,2779.9,0xF23B5CB3AF1D0F9913A45F28D02583159243C3CFC05CF817D85B44EB4D3B7E58
79.0,1943.04,0xF23B5CB3AF1D0F9913A45F28D02583159243C3CFC05CF817D85B44EB4D3B7E58
80.0,2163.88,0xF23B5CB3AF1D0F9913A45F28D02583159243C3CFC05CF817D85B44EB4D3B7E58
81.0,2375.48,0xF23B5CB3AF1D0F9913A45F28D02583159243C3CFC05CF817D85B44EB4D3B7E58
82.0,2353.04,0xF23B5CB3AF1D0F9913A45F28D02583159243C3CFC05CF817D85B44EB4D3B7E58
83.0,2161.88,0xF23B5CB3AF1D0F9913A45F28D02583159243C3CFC05CF817D85B44EB4D3B7E58
84.0,1943.04,0xF23B5CB3AF1D0F9913A45F28D02583159243C3CFC05CF817D85B44EB4D3B7E58
85.0,1939.2,0xF23B5CB3AF1D0F9913A45F28D02583159243C3CFC05CF817D85B44EB4D3B7E58
86.0,1943.04,0xF23B5CB3AF1D0F9913A45F28D02583159243C3CFC05CF817D85B44EB4D3B7E58
87.0,1933.44,0xF23B5CB3AF1D0F9913A45F28D02583159243C3CFC05CF817D85B44EB4D3B7E58
88.0,2146.94,0xF23B5CB3AF1D0F9913A45F28D02583159243C3CFC05CF817D85B44EB4D3B7E58
89.0,1943.04,0xF23B5CB3AF1D0F9913A45F28D02583159243C3CFC05CF817D85B44EB4D3B7E58
90.0,2404.1400000000003,0xF23B5CB3AF1D0F9913A45F28D02583159243C3CFC05CF817D85B44EB4D3B7E58
91.0,2383.88,0xF23B5CB3AF1D0F9913A45F28D02583159243C3CFC05CF817D85B44EB4D3B7E58
92.0,1963.2,0xF23B5CB3AF1D0F9913A45F28D02583159243C3CFC05CF817D85B44EB4D3B7E58
93.0,2162.04,0xF23B5CB3AF1D0F9913A45F28D02583159243C3CFC05CF817D85B44EB4D3B7E58
94.0,2173.6,0xF23B5CB3AF1D0F9913A45F28D02583159243C3CFC05CF817D85B44EB4D3B7E58
95.0,1987.2,0xF23B5CB3AF1D0F9913A45F28D02583159243C3CFC05CF817D85B44EB4D3B7E58
96.0,2383.2,0xF23B5CB3AF1D0F9913A45F28D02583159243C3CFC05CF817D85B44EB4D3B7E58
97.0,2416.48,0xF23B5CB3AF1D0F9913A45F28D02583159243C3CFC05CF817D85B44EB4D3B7E58
98.0,2252.2,0xF23B5CB3AF1D0F9913A45F28D02583159243C3CFC05CF817D85B44EB4D3B7E58
99.0,2264.8,0xF23B5CB3AF1D0F9913A45F28D02583159243C3CFC05CF817D85B44EB4D3B7E58
100.0,2254.3,0xF23B5CB3AF1D0F9913A45F28D02583159243C3CFC05CF817D85B44EB4D3B7E58
101.0,2265.6800000000003,0xF23B5CB3AF1D0F9913A45F28D02583159243C3CFC05CF817D85B44EB4D3B7E58
102.0,2482.8,0xF23B5CB3AF1D0F9913A45F28D02583159243C3CFC05CF817D85B44EB4D3B7E58
103.0,2710.2,0xF23B5CB3AF1D0F9913A45F28D02583159243C3CFC05CF817D85B44EB4D3B7E58
104.0,2666.2,0xF23B5CB3AF1D0F9913A45F28D02583159243C3CFC05CF817D85B44EB4D3B7E58
105.0,2419.24,0xF23B5CB3AF1D0F9913A45F28D02583159243C3CFC05CF817D85B44EB4D3B7E58
106.0,2601.2,0xF23B5CB3AF1D0F9913A45F28D02583159243C3CFC05CF817D85B44EB4D3B7E58
107.0,2762.7,0xF23B5CB3AF1D0F9913A45F28D02583159243C3CFC05CF817D85B44EB4D3B7E58
108.0,225.5,0xF23B5CB3AF1D0F9913A45F28D02583159243C3CFC05CF817D85B44EB4D3B7E58
109.0,4879.7,0xF23B5CB3AF1D0F9913A45F28D02583159243C3CFC05CF817D85B44EB4D3B7E58
110.0,2687.9,0xF23B5CB3AF1D0F9913A45F28D02583159243C3CFC05CF817D85B44EB4D3B7E58
111.0,3123.7,0xF23B5CB3AF1D0F9913A45F28D02583159243C3CFC05CF817D85B44EB4D3B7E58
112.0,3066.4,0xF23B5CB3AF1D0F9913A45F28D02583159243C3CFC05CF817D85B44EB4D3B7E58
113.0,3095.88,0xF23B5CB3AF1D0F9913A45F28D02583159243C3CFC05CF817D85B44EB4D3B7E58
114.0,3091.8,0xF23B5CB3AF1D0F9913A45F28D02583159243C3CFC05CF817D85B44EB4D3B7E58
115.0,3075.7400000000002,0xF23B5CB3AF1D0F9913A45F28D02583159243C3CFC05CF817D85B44EB4D3B7E58
116.0,5773.5,0xF23B5CB3AF1D0F9913A45F28D02583159243C3CFC05CF817D85B44EB4D3B7E58
117.0,1504.94,0xF23B5CB3AF1D0F9913A45F28D02583159243C3CFC05CF817D85B44EB4D3B7E58
118.0,2023.18,0xF23B5CB3AF1D0F9913A45F28D02583159243C3CFC05CF817D85B44EB4D3B7E58
119.0,2579.0000000000005,0xF23B5CB3AF1D0F9913A45F28D02583159243C3CFC05CF817D85B44EB4D3B7E58
120.0,521.38,0xF23B5CB3AF1D0F9913A45F28D02583159243C3CFC05CF817D85B44EB4D3B7E58
121.0,1596.24,0xF23B5CB3AF1D0F9913A45F28D02583159243C3CFC05CF817D85B44EB4D3B7E58
122.0,1828.48,0xF23B5CB3AF1D0F9913A45F28D02583159243C3CFC05CF817D85B44EB4D3B7E58
123.0,1762.8200000000002,0xF23B5CB3AF1D0F9913A45F28D02583159243C3CFC05CF817D85B44EB4D3B7E58
124.0,2761.3199999999997,0xF23B5CB3AF1D0F9913A45F28D02583159243C3CFC05CF817D85B44EB4D3B7E58
125.0,2398.88,0xF23B5CB3AF1D0F9913A45F28D02583159243C3CFC05CF817D85B44EB4D3B7E58
126.0,3172.0600000000004,0xF23B5CB3AF1D0F9913A45F28D02583159243C3CFC05CF817D85B44EB4D3B7E58
127.0,2375.7799999999997,0xF23B5CB3AF1D0F9913A45F28D02583159243C3CFC05CF817D85B44EB4D3B7E58
128.0,2450.02,0xF23B5CB3AF1D0F9913A45F28D02583159243C3CFC05CF817D85B44EB4D3B7E58
129.0,2265.62,0xF23B5CB3AF1D0F9913A45F28D02583159243C3CFC05CF817D85B44EB4D3B7E58
130.0,2669.34,0xF23B5CB3AF1D0F9913A45F28D02583159243C3CFC05CF817D85B44EB4D3B7E58
131.0,2622.6400000000003,0xF23B5CB3AF1D0F9913A45F28D02583159243C3CFC05CF817D85B44EB4D3B7E58
132.0,2192.7,0xF23B5CB3AF1D0F9913A45F28D02583159243C3CFC05CF817D85B44EB4D3B7E58
133.0,607.78,0xF23B5CB3AF1D0F9913A45F28D02583159243C3CFC05CF817D85B44EB4D3B7E58
134.0,606.78,0xF23B5CB3AF1D0F9913A45F28D02583159243C3CFC05CF817D85B44EB4D3B7E58
135.0,816.38,0xF23B5CB3AF1D0F9913A45F28D02583159243C3CFC05CF817D85B44EB4D3B7E58
136.0,784.02,0xF23B5CB3AF1D0F9913A45F28D02583159243C3CFC05CF817D85B44EB4D3B7E58
137.0,1512.2,0xF23B5CB3AF1D0F9913A45F28D02583159243C3CFC05CF817D85B44EB4D3B7E58
138.0,2130.58,0xF23B5CB3AF1D0F9913A45F28D02583159243C3CFC05CF817D85B44EB4D3B7E58
139.0,4528.5,0xF23B5CB3AF1D0F9913A45F28D02583159243C3CFC05CF817D85B44EB4D3B7E58
140.0,5134.94,0xF23B5CB3AF1D0F9913A45F28D02583159243C3CFC05CF817D85B44EB4D3B7E58
141.0,2301.12,0xF23B5CB3AF1D0F9913A45F28D02583159243C3CFC05CF817D85B44EB4D3B7E58
142.0,3495.1,0xF23B5CB3AF1D0F9913A45F28D02583159243C3CFC05CF817D85B44EB4D3B7E58
143.0,9093.619999999999,0xF23B5CB3AF1D0F9913A45F28D02583159243C3CFC05CF817D85B44EB4D3B7E58
144.0,3991.2200000000003,0xF23B5CB3AF1D0F9913A45F28D02583159243C3CFC05CF817D85B44EB4D3B7E58
145.0,4722.22,0xF23B5CB3AF1D0F9913A45F28D02583159243C3CFC05CF817D85B44EB4D3B7E58
146.0,4536.2,0xF23B5CB3AF1D0F9913A45F28D02583159243C3CFC05CF817D85B44EB4D3B7E58
148.0,4525.379999999999,0xF23B5CB3AF1D0F9913A45F28D02583159243C3CFC05CF817D85B44EB4D3B7E58
149.0,4645.9,0xF23B5CB3AF1D0F9913A45F28D02583159243C3CFC05CF817D85B44EB4D3B7E58
150.0,6420.200000000001,0xF23B5CB3AF1D0F9913A45F28D02583159243C3CFC05CF817D85B44EB4D3B7E58
151.0,4629.14,0xF23B5CB3AF1D0F9913A45F28D02583159243C3CFC05CF817D85B44EB4D3B7E58
152.0,5223.76,0xF23B5CB3AF1D0F9913A45F28D02583159243C3CFC05CF817D85B44EB4D3B7E58
153.0,2548.42,0xF23B5CB3AF1D0F9913A45F28D02583159243C3CFC05CF817D85B44EB4D3B7E58
154.0,2493.1400000000003,0xF23B5CB3AF1D0F9913A45F28D02583159243C3CFC05CF817D85B44EB4D3B7E58
155.0,4415.880000000001,0xF23B5CB3AF1D0F9913A45F28D02583159243C3CFC05CF817D85B44EB4D3B7E58
156.0,4906.86,0xF23B5CB3AF1D0F9913A45F28D02583159243C3CFC05CF817D85B44EB4D3B7E58
157.0,5308.4,0xF23B5CB3AF1D0F9913A45F28D02583159243C3CFC05CF817D85B44EB4D3B7E58
158.0,1936.44,0xF23B5CB3AF1D0F9913A45F28D02583159243C3CFC05CF817D85B44EB4D3B7E58
159.0,1191.26,0xF23B5CB3AF1D0F9913A45F28D02583159243C3CFC05CF817D85B44EB4D3B7E58
160.0,3136.5,0xF23B5CB3AF1D0F9913A45F28D02583159243C3CFC05CF817D85B44EB4D3B7E58
161.0,2067.1,0xF23B5CB3AF1D0F9913A45F28D02583159243C3CFC05CF817D85B44EB4D3B7E58
162.0,1342.3000000000002,0xF23B5CB3AF1D0F9913A45F28D02583159243C3CFC05CF817D85B44EB4D3B7E58
164.0,121.2,0xF23B5CB3AF1D0F9913A45F28D02583159243C3CFC05CF817D85B44EB4D3B7E58
165.0,122.22,0xF23B5CB3AF1D0F9913A45F28D02583159243C3CFC05CF817D85B44EB4D3B7E58
166.0,123.18,0xF23B5CB3AF1D0F9913A45F28D02583159243C3CFC05CF817D85B44EB4D3B7E58
167.0,124.2,0xF23B5CB3AF1D0F9913A45F28D02583159243C3CFC05CF817D85B44EB4D3B7E58
168.0,392.58,0xF23B5CB3AF1D0F9913A45F28D02583159243C3CFC05CF817D85B44EB4D3B7E58
169.0,500.35999999999996,0xF23B5CB3AF1D0F9913A45F28D02583159243C3CFC05CF817D85B44EB4D3B7E58
170.0,492.2,0xF23B5CB3AF1D0F9913A45F28D02583159243C3CFC05CF817D85B44EB4D3B7E58
172.0,522.64,0xF23B5CB3AF1D0F9913A45F28D02583159243C3CFC05CF817D85B44EB4D3B7E58
173.0,424.42,0xF23B5CB3AF1D0F9913A45F28D02583159243C3CFC05CF817D85B44EB4D3B7E58
174.0,425.62,0xF23B5CB3AF1D0F9913A45F28D02583159243C3CFC05CF817D85B44EB4D3B7E58
175.0,428.62,0xF23B5CB3AF1D0F9913A45F28D02583159243C3CFC05CF817D85B44EB4D3B7E58
176.0,428.62,0xF23B5CB3AF1D0F9913A45F28D02583159243C3CFC05CF817D85B44EB4D3B7E58
177.0,418.62,0xF23B5CB3AF1D0F9913A45F28D02583159243C3CFC05CF817D85B44EB4D3B7E58
178.0,291.2,0xF23B5CB3AF1D0F9913A45F28D02583159243C3CFC05CF817D85B44EB4D3B7E58
179.0,426.62,0xF23B5CB3AF1D0F9913A45F28D02583159243C3CFC05CF817D85B44EB4D3B7E58
180.0,289.8,0xF23B5CB3AF1D0F9913A45F28D02583159243C3CFC05CF817D85B44EB4D3B7E58
182.0,420.02,0xF23B5CB3AF1D0F9913A45F28D02583159243C3CFC05CF817D85B44EB4D3B7E58
183.0,415.42,0xF23B5CB3AF1D0F9913A45F28D02583159243C3CFC05CF817D85B44EB4D3B7E58
184.0,282.0,0xF23B5CB3AF1D0F9913A45F28D02583159243C3CFC05CF817D85B44EB4D3B7E58
185.0,408.8,0xF23B5CB3AF1D0F9913A45F28D02583159243C3CFC05CF817D85B44EB4D3B7E58
186.0,410.8,0xF23B5CB3AF1D0F9913A45F28D02583159243C3CFC05CF817D85B44EB4D3B7E58
187.0,408.42,0xF23B5CB3AF1D0F9913A45F28D02583159243C3CFC05CF817D85B44EB4D3B7E58
188.0,127.8,0xF23B5CB3AF1D0F9913A45F28D02583159243C3CFC05CF817D85B44EB4D3B7E58
189.0,1243.22,0xF23B5CB3AF1D0F9913A45F28D02583159243C3CFC05CF817D85B44EB4D3B7E58
190.0,404.02,0xF23B5CB3AF1D0F9913A45F28D02583159243C3CFC05CF817D85B44EB4D3B7E58
191.0,403.02,0xF23B5CB3AF1D0F9913A45F28D02583159243C3CFC05CF817D85B44EB4D3B7E58
192.0,408.42,0xF23B5CB3AF1D0F9913A45F28D02583159243C3CFC05CF817D85B44EB4D3B7E58
197.0,2039.9,0xF23B5CB3AF1D0F9913A45F28D02583159243C3CFC05CF817D85B44EB4D3B7E58
204.0,2060.9,0xF23B5CB3AF1D0F9913A45F28D02583159243C3CFC05CF817D85B44EB4D3B7E58
205.0,2113.9,0xF23B5CB3AF1D0F9913A45F28D02583159243C3CFC05CF817D85B44EB4D3B7E58
206.0,678.9,0xF23B5CB3AF1D0F9913A45F28D02583159243C3CFC05CF817D85B44EB4D3B7E58
207.0,2144.9,0xF23B5CB3AF1D0F9913A45F28D02583159243C3CFC05CF817D85B44EB4D3B7E58
208.0,678.0,0xF23B5CB3AF1D0F9913A45F28D02583159243C3CFC05CF817D85B44EB4D3B7E58
213.0,3328.5,0xF23B5CB3AF1D0F9913A45F28D02583159243C3CFC05CF817D85B44EB4D3B7E58
243.0,672.0,0xF23B5CB3AF1D0F9913A45F28D02583159243C3CFC05CF817D85B44EB4D3B7E58
244.0,672.9,0xF23B5CB3AF1D0F9913A45F28D02583159243C3CFC05CF817D85B44EB4D3B7E58
246.0,669.9,0xF23B5CB3AF1D0F9913A45F28D02583159243C3CFC05CF817D85B44EB4D3B7E58
247.0,669.9,0xF23B5CB3AF1D0F9913A45F28D02583159243C3CFC05CF817D85B44EB4D3B7E58
249.0,669.0,0xF23B5CB3AF1D0F9913A45F28D02583159243C3CFC05CF817D85B44EB4D3B7E58
250.0,666.0,0xF23B5CB3AF1D0F9913A45F28D02583159243C3CFC05CF817D85B44EB4D3B7E58
251.0,666.0,0xF23B5CB3AF1D0F9913A45F28D02583159243C3CFC05CF817D85B44EB4D3B7E58
252.0,669.0,0xF23B5CB3AF1D0F9913A45F28D02583159243C3CFC05CF817D85B44EB4D3B7E58
262.0,434.5,0xF23B5CB3AF1D0F9913A45F28D02583159243C3CFC05CF817D85B44EB4D3B7E58
263.0,210.5,0xF23B5CB3AF1D0F9913A45F28D02583159243C3CFC05CF817D85B44EB4D3B7E58
271.0,251.1,0xF23B5CB3AF1D0F9913A45F28D02583159243C3CFC05CF817D85B44EB4D3B7E58
273.0,259.0,0xF23B5CB3AF1D0F9913A45F28D02583159243C3CFC05CF817D85B44EB4D3B7E58
274.0,467.5,0xF23B5CB3AF1D0F9913A45F28D02583159243C3CFC05CF817D85B44EB4D3B7E58
275.0,428.0,0xF23B5CB3AF1D0F9913A45F28D02583159243C3CFC05CF817D85B44EB4D3B7E58
276.0,223.44,0xF23B5CB3AF1D0F9913A45F28D02583159243C3CFC05CF817D85B44EB4D3B7E58
277.0,409.0,0xF23B5CB3AF1D0F9913A45F28D02583159243C3CFC05CF817D85B44EB4D3B7E58
279.0,247.0,0xF23B5CB3AF1D0F9913A45F28D02583159243C3CFC05CF817D85B44EB4D3B7E58
281.0,386.78,0xF23B5CB3AF1D0F9913A45F28D02583159243C3CFC05CF817D85B44EB4D3B7E58
283.0,178.0,0xF23B5CB3AF1D0F9913A45F28D02583159243C3CFC05CF817D85B44EB4D3B7E58
284.0,225.0,0xF23B5CB3AF1D0F9913A45F28D02583159243C3CFC05CF817D85B44EB4D3B7E58
285.0,599.66,0xF23B5CB3AF1D0F9913A45F28D02583159243C3CFC05CF817D85B44EB4D3B7E58
287.0,394.36,0xF23B5CB3AF1D0F9913A45F28D02583159243C3CFC05CF817D85B44EB4D3B7E58
288.0,196.0,0xF23B5CB3AF1D0F9913A45F28D02583159243C3CFC05CF817D85B44EB4D3B7E58
289.0,211.5,0xF23B5CB3AF1D0F9913A45F28D02583159243C3CFC05CF817D85B44EB4D3B7E58
290.0,203.0,0xF23B5CB3AF1D0F9913A45F28D02583159243C3CFC05CF817D85B44EB4D3B7E58
291.0,1462.5,0xF23B5CB3AF1D0F9913A45F28D02583159243C3CFC05CF817D85B44EB4D3B7E58
292.0,921.9399999999999,0xF23B5CB3AF1D0F9913A45F28D02583159243C3CFC05CF817D85B44EB4D3B7E58
293.0,2170.04,0xF23B5CB3AF1D0F9913A45F28D02583159243C3CFC05CF817D85B44EB4D3B7E58
294.0,613.31,0xF23B5CB3AF1D0F9913A45F28D02583159243C3CFC05CF817D85B44EB4D3B7E58
295.0,3211.27,0xF23B5CB3AF1D0F9913A45F28D02583159243C3CFC05CF817D85B44EB4D3B7E58
296.0,2291.8,0xF23B5CB3AF1D0F9913A45F28D02583159243C3CFC05CF817D85B44EB4D3B7E58
297.0,731.9,0xF23B5CB3AF1D0F9913A45F28D02583159243C3CFC05CF817D85B44EB4D3B7E58
298.0,146.6,0xF23B5CB3AF1D0F9913A45F28D02583159243C3CFC05CF817D85B44EB4D3B7E58
299.0,423.64,0xF23B5CB3AF1D0F9913A45F28D02583159243C3CFC05CF817D85B44EB4D3B7E58
300.0,635.62,0xF23B5CB3AF1D0F9913A45F28D02583159243C3CFC05CF817D85B44EB4D3B7E58
301.0,411.6,0xF23B5CB3AF1D0F9913A45F28D02583159243C3CFC05CF817D85B44EB4D3B7E58
302.0,841.0,0xF23B5CB3AF1D0F9913A45F28D02583159243C3CFC05CF817D85B44EB4D3B7E58
303.0,611.2,0xF23B5CB3AF1D0F9913A45F28D02583159243C3CFC05CF817D85B44EB4D3B7E58
304.0,802.14,0xF23B5CB3AF1D0F9913A45F28D02583159243C3CFC05CF817D85B44EB4D3B7E58
305.0,887.9,0xF23B5CB3AF1D0F9913A45F28D02583159243C3CFC05CF817D85B44EB4D3B7E58
306.0,377.86,0xF23B5CB3AF1D0F9913A45F28D02583159243C3CFC05CF817D85B44EB4D3B7E58
307.0,415.02,0xF23B5CB3AF1D0F9913A45F28D02583159243C3CFC05CF817D85B44EB4D3B7E58
308.0,187.0,0xF23B5CB3AF1D0F9913A45F28D02583159243C3CFC05CF817D85B44EB4D3B7E58
309.0,191.5,0xF23B5CB3AF1D0F9913A45F28D02583159243C3CFC05CF817D85B44EB4D3B7E58
316.0,194.0,0xF23B5CB3AF1D0F9913A45F28D02583159243C3CFC05CF817D85B44EB4D3B7E58
317.0,190.4,0xF23B5CB3AF1D0F9913A45F28D02583159243C3CFC05CF817D85B44EB4D3B7E58
318.0,391.86,0xF23B5CB3AF1D0F9913A45F28D02583159243C3CFC05CF817D85B44EB4D3B7E58
319.0,336.0,0xF23B5CB3AF1D0F9913A45F28D02583159243C3CFC05CF817D85B44EB4D3B7E58
328.0,830.98,0xF23B5CB3AF1D0F9913A45F28D02583159243C3CFC05CF817D85B44EB4D3B7E58
350.0,371.58,0xF23B5CB3AF1D0F9913A45F28D02583159243C3CFC05CF817D85B44EB4D3B7E58
351.0,813.9,0xF23B5CB3AF1D0F9913A45F28D02583159243C3CFC05CF817D85B44EB4D3B7E58
352.0,396.4,0xF23B5CB3AF1D0F9913A45F28D02583159243C3CFC05CF817D85B44EB4D3B7E58
353.0,390.28,0xF23B5CB3AF1D0F9913A45F28D02583159243C3CFC05CF817D85B44EB4D3B7E58
354.0,372.2,0xF23B5CB3AF1D0F9913A45F28D02583159243C3CFC05CF817D85B44EB4D3B7E58
355.0,228.0,0xF23B5CB3AF1D0F9913A45F28D02583159243C3CFC05CF817D85B44EB4D3B7E58
356.0,398.86,0xF23B5CB3AF1D0F9913A45F28D02583159243C3CFC05CF817D85B44EB4D3B7E58
357.0,414.64,0xF23B5CB3AF1D0F9913A45F28D02583159243C3CFC05CF817D85B44EB4D3B7E58
358.0,688.96,0xF23B5CB3AF1D0F9913A45F28D02583159243C3CFC05CF817D85B44EB4D3B7E58
359.0,184.0,0xF23B5CB3AF1D0F9913A45F28D02583159243C3CFC05CF817D85B44EB4D3B7E58
360.0,212.5,0xF23B5CB3AF1D0F9913A45F28D02583159243C3CFC05CF817D85B44EB4D3B7E58
361.0,619.26,0xF23B5CB3AF1D0F9913A45F28D02583159243C3CFC05CF817D85B44EB4D3B7E58
362.0,378.18,0xF23B5CB3AF1D0F9913A45F28D02583159243C3CFC05CF817D85B44EB4D3B7E58
363.0,961.8,0xF23B5CB3AF1D0F9913A45F28D02583159243C3CFC05CF817D85B44EB4D3B7E58
364.0,916.6800000000001,0xF23B5CB3AF1D0F9913A45F28D02583159243C3CFC05CF817D85B44EB4D3B7E58
365.0,615.4,0xF23B5CB3AF1D0F9913A45F28D02583159243C3CFC05CF817D85B44EB4D3B7E58
366.0,573.56,0xF23B5CB3AF1D0F9913A45F28D02583159243C3CFC05CF817D85B44EB4D3B7E58
367.0,1735.0800000000002,0xF23B5CB3AF1D0F9913A45F28D02583159243C3CFC05CF817D85B44EB4D3B7E58
368.0,584.5,0xF23B5CB3AF1D0F9913A45F28D02583159243C3CFC05CF817D85B44EB4D3B7E58
371.0,1227.26,0xF23B5CB3AF1D0F9913A45F28D02583159243C3CFC05CF817D85B44EB4D3B7E58
372.0,406.56,0xF23B5CB3AF1D0F9913A45F28D02583159243C3CFC05CF817D85B44EB4D3B7E58
373.0,379.78,0xF23B5CB3AF1D0F9913A45F28D02583159243C3CFC05CF817D85B44EB4D3B7E58
374.0,1185.4,0xF23B5CB3AF1D0F9913A45F28D02583159243C3CFC05CF817D85B44EB4D3B7E58
375.0,1870.86,0xF23B5CB3AF1D0F9913A45F28D02583159243C3CFC05CF817D85B44EB4D3B7E58
376.0,2165.1000000000004,0xF23B5CB3AF1D0F9913A45F28D02583159243C3CFC05CF817D85B44EB4D3B7E58
377.0,2643.6,0xF23B5CB3AF1D0F9913A45F28D02583159243C3CFC05CF817D85B44EB4D3B7E58
378.0,2653.82,0xF23B5CB3AF1D0F9913A45F28D02583159243C3CFC05CF817D85B44EB4D3B7E58
379.0,2077.79,0xF23B5CB3AF1D0F9913A45F28D02583159243C3CFC05CF817D85B44EB4D3B7E58
380.0,3226.62,0xF23B5CB3AF1D0F9913A45F28D02583159243C3CFC05CF817D85B44EB4D3B7E58
381.0,3706.92,0xF23B5CB3AF1D0F9913A45F28D02583159243C3CFC05CF817D85B44EB4D3B7E58
382.0,2030.86,0xF23B5CB3AF1D0F9913A45F28D02583159243C3CFC05CF817D85B44EB4D3B7E58
383.0,5521.9400000000005,0xF23B5CB3AF1D0F9913A45F28D02583159243C3CFC05CF817D85B44EB4D3B7E58
384.0,3468.88,0xF23B5CB3AF1D0F9913A45F28D02583159243C3CFC05CF817D85B44EB4D3B7E58
385.0,2319.34,0xF23B5CB3AF1D0F9913A45F28D02583159243C3CFC05CF817D85B44EB4D3B7E58
386.0,2533.2,0xF23B5CB3AF1D0F9913A45F28D02583159243C3CFC05CF817D85B44EB4D3B7E58
387.0,2373.8,0xF23B5CB3AF1D0F9913A45F28D02583159243C3CFC05CF817D85B44EB4D3B7E58
388.0,3399.7900000000004,0xF23B5CB3AF1D0F9913A45F28D02583159243C3CFC05CF817D85B44EB4D3B7E58
389.0,2539.94,0xF23B5CB3AF1D0F9913A45F28D02583159243C3CFC05CF817D85B44EB4D3B7E58
390.0,3403.5800000000004,0xF23B5CB3AF1D0F9913A45F28D02583159243C3CFC05CF817D85B44EB4D3B7E58
391.0,2418.6000000000004,0xF23B5CB3AF1D0F9913A45F28D02583159243C3CFC05CF817D85B44EB4D3B7E58
392.0,3206.2800000000007,0xF23B5CB3AF1D0F9913A45F28D02583159243C3CFC05CF817D85B44EB4D3B7E58
393.0,2832.7100000000005,0xF23B5CB3AF1D0F9913A45F28D02583159243C3CFC05CF817D85B44EB4D3B7E58
394.0,2290.82,0xF23B5CB3AF1D0F9913A45F28D02583159243C3CFC05CF817D85B44EB4D3B7E58
395.0,3284.9600000000005,0xF23B5CB3AF1D0F9913A45F28D02583159243C3CFC05CF817D85B44EB4D3B7E58
396.0,2619.4900000000002,0xF23B5CB3AF1D0F9913A45F28D02583159243C3CFC05CF817D85B44EB4D3B7E58
397.0,2894.1200000000003,0xF23B5CB3AF1D0F9913A45F28D02583159243C3CFC05CF817D85B44EB4D3B7E58
398.0,2990.9700000000003,0xF23B5CB3AF1D0F9913A45F28D02583159243C3CFC05CF817D85B44EB4D3B7E58
399.0,1780.7,0xF23B5CB3AF1D0F9913A45F28D02583159243C3CFC05CF817D85B44EB4D3B7E58
400.0,1187.46,0xF23B5CB3AF1D0F9913A45F28D02583159243C3CFC05CF817D85B44EB4D3B7E58
401.0,1246.82,0xF23B5CB3AF1D0F9913A45F28D02583159243C3CFC05CF817D85B44EB4D3B7E58
408.0,213.0,0xF23B5CB3AF1D0F9913A45F28D02583159243C3CFC05CF817D85B44EB4D3B7E58
409.0,394.0,0xF23B5CB3AF1D0F9913A45F28D02583159243C3CFC05CF817D85B44EB4D3B7E58
410.0,183.0,0xF23B5CB3AF1D0F9913A45F28D02583159243C3CFC05CF817D85B44EB4D3B7E58
413.0,393.0,0xF23B5CB3AF1D0F9913A45F28D02583159243C3CFC05CF817D85B44EB4D3B7E58
414.0,183.0,0xF23B5CB3AF1D0F9913A45F28D02583159243C3CFC05CF817D85B44EB4D3B7E58
415.0,210.0,0xF23B5CB3AF1D0F9913A45F28D02583159243C3CFC05CF817D85B44EB4D3B7E58
416.0,558.0,0xF23B5CB3AF1D0F9913A45F28D02583159243C3CFC05CF817D85B44EB4D3B7E58
417.0,376.0,0xF23B5CB3AF1D0F9913A45F28D02583159243C3CFC05CF817D85B44EB4D3B7E58
418.0,376.0,0xF23B5CB3AF1D0F9913A45F28D02583159243C3CFC05CF817D85B44EB4D3B7E58
419.0,373.0,0xF23B5CB3AF1D0F9913A45F28D02583159243C3CFC05CF817D85B44EB4D3B7E58
420.0,170.0,0xF23B5CB3AF1D0F9913A45F28D02583159243C3CFC05CF817D85B44EB4D3B7E58
421.0,1273.2,0xF23B5CB3AF1D0F9913A45F28D02583159243C3CFC05CF817D85B44EB4D3B7E58
422.0,590.0,0xF23B5CB3AF1D0F9913A45F28D02583159243C3CFC05CF817D85B44EB4D3B7E58
423.0,962.0,0xF23B5CB3AF1D0F9913A45F28D02583159243C3CFC05CF817D85B44EB4D3B7E58
424.0,462.1,0xF23B5CB3AF1D0F9913A45F28D02583159243C3CFC05CF817D85B44EB4D3B7E58
425.0,615.0,0xF23B5CB3AF1D0F9913A45F28D02583159243C3CFC05CF817D85B44EB4D3B7E58
426.0,1036.6599999999999,0xF23B5CB3AF1D0F9913A45F28D02583159243C3CFC05CF817D85B44EB4D3B7E58
427.0,212.8,0xF23B5CB3AF1D0F9913A45F28D02583159243C3CFC05CF817D85B44EB4D3B7E58
428.0,775.76,0xF23B5CB3AF1D0F9913A45F28D02583159243C3CFC05CF817D85B44EB4D3B7E58
429.0,802.24,0xF23B5CB3AF1D0F9913A45F28D02583159243C3CFC05CF817D85B44EB4D3B7E58
430.0,225.82,0xF23B5CB3AF1D0F9913A45F28D02583159243C3CFC05CF817D85B44EB4D3B7E58
431.0,571.86,0xF23B5CB3AF1D0F9913A45F28D02583159243C3CFC05CF817D85B44EB4D3B7E58
432.0,411.66,0xF23B5CB3AF1D0F9913A45F28D02583159243C3CFC05CF817D85B44EB4D3B7E58
433.0,379.8,0xF23B5CB3AF1D0F9913A45F28D02583159243C3CFC05CF817D85B44EB4D3B7E58
434.0,1017.2,0xF23B5CB3AF1D0F9913A45F28D02583159243C3CFC05CF817D85B44EB4D3B7E58
435.0,883.0,0xF23B5CB3AF1D0F9913A45F28D02583159243C3CFC05CF817D85B44EB4D3B7E58
436.0,1264.26,0xF23B5CB3AF1D0F9913A45F28D02583159243C3CFC05CF817D85B44EB4D3B7E58
437.0,632.6800000000001,0xF23B5CB3AF1D0F9913A45F28D02583159243C3CFC05CF817D85B44EB4D3B7E58
438.0,449.64000000000004,0xF23B5CB3AF1D0F9913A45F28D02583159243C3CFC05CF817D85B44EB4D3B7E58
439.0,1017.0000000000001,0xF23B5CB3AF1D0F9913A45F28D02583159243C3CFC05CF817D85B44EB4D3B7E58
440.0,604.1,0xF23B5CB3AF1D0F9913A45F28D02583159243C3CFC05CF817D85B44EB4D3B7E58
441.0,975.5,0xF23B5CB3AF1D0F9913A45F28D02583159243C3CFC05CF817D85B44EB4D3B7E58
442.0,1196.0,0xF23B5CB3AF1D0F9913A45F28D02583159243C3CFC05CF817D85B44EB4D3B7E58
443.0,1411.9,0xF23B5CB3AF1D0F9913A45F28D02583159243C3CFC05CF817D85B44EB4D3B7E58
444.0,2783.7400000000002,0xF23B5CB3AF1D0F9913A45F28D02583159243C3CFC05CF817D85B44EB4D3B7E58
445.0,1853.1,0xF23B5CB3AF1D0F9913A45F28D02583159243C3CFC05CF817D85B44EB4D3B7E58
446.0,1852.4000000000003,0xF23B5CB3AF1D0F9913A45F28D02583159243C3CFC05CF817D85B44EB4D3B7E58
447.0,2620.54,0xF23B5CB3AF1D0F9913A45F28D02583159243C3CFC05CF817D85B44EB4D3B7E58
448.0,3745.69,0xF23B5CB3AF1D0F9913A45F28D02583159243C3CFC05CF817D85B44EB4D3B7E58
449.0,1544.8100000000002,0xF23B5CB3AF1D0F9913A45F28D02583159243C3CFC05CF817D85B44EB4D3B7E58
450.0,2021.4,0xF23B5CB3AF1D0F9913A45F28D02583159243C3CFC05CF817D85B44EB4D3B7E58
451.0,2253.2400000000002,0xF23B5CB3AF1D0F9913A45F28D02583159243C3CFC05CF817D85B44EB4D3B7E58
452.0,2249.23,0xF23B5CB3AF1D0F9913A45F28D02583159243C3CFC05CF817D85B44EB4D3B7E58
453.0,1631.88,0xF23B5CB3AF1D0F9913A45F28D02583159243C3CFC05CF817D85B44EB4D3B7E58
454.0,126.4,0xF23B5CB3AF1D0F9913A45F28D02583159243C3CFC05CF817D85B44EB4D3B7E58
455.0,397.79999999999995,0xF23B5CB3AF1D0F9913A45F28D02583159243C3CFC05CF817D85B44EB4D3B7E58
456.0,1837.02,0xF23B5CB3AF1D0F9913A45F28D02583159243C3CFC05CF817D85B44EB4D3B7E58
457.0,1247.2000000000003,0xF23B5CB3AF1D0F9913A45F28D02583159243C3CFC05CF817D85B44EB4D3B7E58
458.0,1832.24,0xF23B5CB3AF1D0F9913A45F28D02583159243C3CFC05CF817D85B44EB4D3B7E58
459.0,398.4,0xF23B5CB3AF1D0F9913A45F28D02583159243C3CFC05CF817D85B44EB4D3B7E58
460.0,2154.0799999999995,0xF23B5CB3AF1D0F9913A45F28D02583159243C3CFC05CF817D85B44EB4D3B7E58
461.0,2206.8,0xF23B5CB3AF1D0F9913A45F28D02583159243C3CFC05CF817D85B44EB4D3B7E58
462.0,2285.9200000000005,0xF23B5CB3AF1D0F9913A45F28D02583159243C3CFC05CF817D85B44EB4D3B7E58
463.0,1944.6200000000003,0xF23B5CB3AF1D0F9913A45F28D02583159243C3CFC05CF817D85B44EB4D3B7E58
464.0,2145.2000000000003,0xF23B5CB3AF1D0F9913A45F28D02583159243C3CFC05CF817D85B44EB4D3B7E58
465.0,2086.46,0xF23B5CB3AF1D0F9913A45F28D02583159243C3CFC05CF817D85B44EB4D3B7E58
466.0,2062.04,0xF23B5CB3AF1D0F9913A45F28D02583159243C3CFC05CF817D85B44EB4D3B7E58
467.0,2078.24,0xF23B5CB3AF1D0F9913A45F28D02583159243C3CFC05CF817D85B44EB4D3B7E58
468.0,2228.52,0xF23B5CB3AF1D0F9913A45F28D02583159243C3CFC05CF817D85B44EB4D3B7E58
469.0,2608.5,0xF23B5CB3AF1D0F9913A45F28D02583159243C3CFC05CF817D85B44EB4D3B7E58
470.0,2478.52,0xF23B5CB3AF1D0F9913A45F28D02583159243C3CFC05CF817D85B44EB4D3B7E58
471.0,3516.82,0xF23B5CB3AF1D0F9913A45F28D02583159243C3CFC05CF817D85B44EB4D3B7E58
472.0,3913.539999999999,0xF23B5CB3AF1D0F9913A45F28D02583159243C3CFC05CF817D85B44EB4D3B7E58
473.0,3623.0399999999995,0xF23B5CB3AF1D0F9913A45F28D02583159243C3CFC05CF817D85B44EB4D3B7E58
474.0,4748.840000000001,0xF23B5CB3AF1D0F9913A45F28D02583159243C3CFC05CF817D85B44EB4D3B7E58
475.0,4572.780000000001,0xF23B5CB3AF1D0F9913A45F28D02583159243C3CFC05CF817D85B44EB4D3B7E58
476.0,4416.960000000001,0xF23B5CB3AF1D0F9913A45F28D02583159243C3CFC05CF817D85B44EB4D3B7E58
477.0,5000.36,0xF23B5CB3AF1D0F9913A45F28D02583159243C3CFC05CF817D85B44EB4D3B7E58
478.0,5048.9800000000005,0xF23B5CB3AF1D0F9913A45F28D02583159243C3CFC05CF817D85B44EB4D3B7E58
479.0,4601.300000000002,0xF23B5CB3AF1D0F9913A45F28D02583159243C3CFC05CF817D85B44EB4D3B7E58
480.0,4919.4400000000005,0xF23B5CB3AF1D0F9913A45F28D02583159243C3CFC05CF817D85B44EB4D3B7E58
481.0,5370.599999999999,0xF23B5CB3AF1D0F9913A45F28D02583159243C3CFC05CF817D85B44EB4D3B7E58
482.0,4986.619999999999,0xF23B5CB3AF1D0F9913A45F28D02583159243C3CFC05CF817D85B44EB4D3B7E58
483.0,4956.5199999999995,0xF23B5CB3AF1D0F9913A45F28D02583159243C3CFC05CF817D85B44EB4D3B7E58
484.0,5115.96,0xF23B5CB3AF1D0F9913A45F28D02583159243C3CFC05CF817D85B44EB4D3B7E58
485.0,6044.999999999999,0xF23B5CB3AF1D0F9913A45F28D02583159243C3CFC05CF817D85B44EB4D3B7E58
486.0,5063.7,0xF23B5CB3AF1D0F9913A45F28D02583159243C3CFC05CF817D85B44EB4D3B7E58
487.0,5171.66,0xF23B5CB3AF1D0F9913A45F28D02583159243C3CFC05CF817D85B44EB4D3B7E58
488.0,5154.06,0xF23B5CB3AF1D0F9913A45F28D02583159243C3CFC05CF817D85B44EB4D3B7E58
489.0,1913.52,0xF23B5CB3AF1D0F9913A45F28D02583159243C3CFC05CF817D85B44EB4D3B7E58
490.0,2702.14,0xF23B5CB3AF1D0F9913A45F28D02583159243C3CFC05CF817D85B44EB4D3B7E58
491.0,3340.0599999999995,0xF23B5CB3AF1D0F9913A45F28D02583159243C3CFC05CF817D85B44EB4D3B7E58
492.0,3997.98,0xF23B5CB3AF1D0F9913A45F28D02583159243C3CFC05CF817D85B44EB4D3B7E58
493.0,377.5,0xF23B5CB3AF1D0F9913A45F28D02583159243C3CFC05CF817D85B44EB4D3B7E58
494.0,744.8199999999999,0xF23B5CB3AF1D0F9913A45F28D02583159243C3CFC05CF817D85B44EB4D3B7E58
495.0,839.6,0xF23B5CB3AF1D0F9913A45F28D02583159243C3CFC05CF817D85B44EB4D3B7E58
496.0,1296.5800000000002,0xF23B5CB3AF1D0F9913A45F28D02583159243C3CFC05CF817D85B44EB4D3B7E58
497.0,1134.02,0xF23B5CB3AF1D0F9913A45F28D02583159243C3CFC05CF817D85B44EB4D3B7E58
498.0,1999.2800000000002,0xF23B5CB3AF1D0F9913A45F28D02583159243C3CFC05CF817D85B44EB4D3B7E58
499.0,2606.6799999999994,0xF23B5CB3AF1D0F9913A45F28D02583159243C3CFC05CF817D85B44EB4D3B7E58
500.0,2270.32,0xF23B5CB3AF1D0F9913A45F28D02583159243C3CFC05CF817D85B44EB4D3B7E58
501.0,2069.1800000000003,0xF23B5CB3AF1D0F9913A45F28D02583159243C3CFC05CF817D85B44EB4D3B7E58
502.0,2322.9800000000005,0xF23B5CB3AF1D0F9913A45F28D02583159243C3CFC05CF817D85B44EB4D3B7E58
503.0,2550.02,0xF23B5CB3AF1D0F9913A45F28D02583159243C3CFC05CF817D85B44EB4D3B7E58
504.0,3382.4300000000003,0xF23B5CB3AF1D0F9913A45F28D02583159243C3CFC05CF817D85B44EB4D3B7E58
505.0,4889.959999999999,0xF23B5CB3AF1D0F9913A45F28D02583159243C3CFC05CF817D85B44EB4D3B7E58
506.0,3092.77,0xF23B5CB3AF1D0F9913A45F28D02583159243C3CFC05CF817D85B44EB4D3B7E58
507.0,2595.809999999999,0xF23B5CB3AF1D0F9913A45F28D02583159243C3CFC05CF817D85B44EB4D3B7E58
508.0,2539.84,0xF23B5CB3AF1D0F9913A45F28D02583159243C3CFC05CF817D85B44EB4D3B7E58
509.0,2433.9000000000005,0xF23B5CB3AF1D0F9913A45F28D02583159243C3CFC05CF817D85B44EB4D3B7E58
510.0,2892.690000000001,0xF23B5CB3AF1D0F9913A45F28D02583159243C3CFC05CF817D85B44EB4D3B7E58
511.0,2567.0099999999998,0xF23B5CB3AF1D0F9913A45F28D02583159243C3CFC05CF817D85B44EB4D3B7E58
512.0,3459.06,0xF23B5CB3AF1D0F9913A45F28D02583159243C3CFC05CF817D85B44EB4D3B7E58
513.0,2533.6999999999994,0xF23B5CB3AF1D0F9913A45F28D02583159243C3CFC05CF817D85B44EB4D3B7E58
514.0,2757.6100000000006,0xF23B5CB3AF1D0F9913A45F28D02583159243C3CFC05CF817D85B44EB4D3B7E58
515.0,2827.4000000000005,0xF23B5CB3AF1D0F9913A45F28D02583159243C3CFC05CF817D85B44EB4D3B7E58
516.0,3061.4600000000005,0xF23B5CB3AF1D0F9913A45F28D02583159243C3CFC05CF817D85B44EB4D3B7E58
517.0,3084.9300000000007,0xF23B5CB3AF1D0F9913A45F28D02583159243C3CFC05CF817D85B44EB4D3B7E58
520.0,2986.8999999999996,0xF23B5CB3AF1D0F9913A45F28D02583159243C3CFC05CF817D85B44EB4D3B7E58
521.0,3420.6000000000004,0xF23B5CB3AF1D0F9913A45F28D02583159243C3CFC05CF817D85B44EB4D3B7E58
522.0,3457.6,0xF23B5CB3AF1D0F9913A45F28D02583159243C3CFC05CF817D85B44EB4D3B7E58
523.0,3559.4899999999984,0xF23B5CB3AF1D0F9913A45F28D02583159243C3CFC05CF817D85B44EB4D3B7E58
524.0,3801.889999999999,0xF23B5CB3AF1D0F9913A45F28D02583159243C3CFC05CF817D85B44EB4D3B7E58
525.0,4246.389999999999,0xF23B5CB3AF1D0F9913A45F28D02583159243C3CFC05CF817D85B44EB4D3B7E58
526.0,4486.19,0xF23B5CB3AF1D0F9913A45F28D02583159243C3CFC05CF817D85B44EB4D3B7E58
527.0,4995.789999999998,0xF23B5CB3AF1D0F9913A45F28D02583159243C3CFC05CF817D85B44EB4D3B7E58
528.0,4190.3,0xF23B5CB3AF1D0F9913A45F28D02583159243C3CFC05CF817D85B44EB4D3B7E58
529.0,5050.6399999999985,0xF23B5CB3AF1D0F9913A45F28D02583159243C3CFC05CF817D85B44EB4D3B7E58
530.0,4812.66,0xF23B5CB3AF1D0F9913A45F28D02583159243C3CFC05CF817D85B44EB4D3B7E58
531.0,4785.789999999999,0xF23B5CB3AF1D0F9913A45F28D02583159243C3CFC05CF817D85B44EB4D3B7E58
532.0,4375.900000000001,0xF23B5CB3AF1D0F9913A45F28D02583159243C3CFC05CF817D85B44EB4D3B7E58
533.0,4917.5,0xF23B5CB3AF1D0F9913A45F28D02583159243C3CFC05CF817D85B44EB4D3B7E58
534.0,4876.7,0xF23B5CB3AF1D0F9913A45F28D02583159243C3CFC05CF817D85B44EB4D3B7E58
535.0,5199.72,0xF23B5CB3AF1D0F9913A45F28D02583159243C3CFC05CF817D85B44EB4D3B7E58
536.0,5059.8,0xF23B5CB3AF1D0F9913A45F28D02583159243C3CFC05CF817D85B44EB4D3B7E58
537.0,4482.3,0xF23B5CB3AF1D0F9913A45F28D02583159243C3CFC05CF817D85B44EB4D3B7E58
538.0,5461.999999999996,0xF23B5CB3AF1D0F9913A45F28D02583159243C3CFC05CF817D85B44EB4D3B7E58
539.0,5189.999999999998,0xF23B5CB3AF1D0F9913A45F28D02583159243C3CFC05CF817D85B44EB4D3B7E58
540.0,5393.999999999999,0xF23B5CB3AF1D0F9913A45F28D02583159243C3CFC05CF817D85B44EB4D3B7E58
541.0,5316.299999999999,0xF23B5CB3AF1D0F9913A45F28D02583159243C3CFC05CF817D85B44EB4D3B7E58
542.0,4423.3,0xF23B5CB3AF1D0F9913A45F28D02583159243C3CFC05CF817D85B44EB4D3B7E58
543.0,5083.8499999999985,0xF23B5CB3AF1D0F9913A45F28D02583159243C3CFC05CF817D85B44EB4D3B7E58
544.0,4425.4,0xF23B5CB3AF1D0F9913A45F28D02583159243C3CFC05CF817D85B44EB4D3B7E58
545.0,4321.200000000002,0xF23B5CB3AF1D0F9913A45F28D02583159243C3CFC05CF817D85B44EB4D3B7E58
546.0,5801.6500000000015,0xF23B5CB3AF1D0F9913A45F28D02583159243C3CFC05CF817D85B44EB4D3B7E58
547.0,4072.8,0xF23B5CB3AF1D0F9913A45F28D02583159243C3CFC05CF817D85B44EB4D3B7E58
548.0,4115.700000000002,0xF23B5CB3AF1D0F9913A45F28D02583159243C3CFC05CF817D85B44EB4D3B7E58
549.0,1215.2000000000003,0xF23B5CB3AF1D0F9913A45F28D02583159243C3CFC05CF817D85B44EB4D3B7E58
550.0,1275.5000000000005,0xF23B5CB3AF1D0F9913A45F28D02583159243C3CFC05CF817D85B44EB4D3B7E58
551.0,1529.8,0xF23B5CB3AF1D0F9913A45F28D02583159243C3CFC05CF817D85B44EB4D3B7E58
552.0,1419.5000000000005,0xF23B5CB3AF1D0F9913A45F28D02583159243C3CFC05CF817D85B44EB4D3B7E58
553.0,1487.1,0xF23B5CB3AF1D0F9913A45F28D02583159243C3CFC05CF817D85B44EB4D3B7E58
554.0,1384.1,0xF23B5CB3AF1D0F9913A45F28D02583159243C3CFC05CF817D85B44EB4D3B7E58
